<?xml version="1.0" encoding="UTF-8"?>
<library xmlns="http://www.demandware.com/xml/impex/library/2006-10-31">
    <folder folder-id="root">
        <online-flag>true</online-flag>
        <page-attributes/>
    </folder>

    <content content-id="addecrited-train-with-redCross">
        <display-name xml:lang="x-default">addecrited-train-with-redCross</display-name>
        <description xml:lang="x-default">addecrited-train-with-redCross</description>
        <online-flag>true</online-flag>
        <searchable-flag>false</searchable-flag>
        <page-attributes/>
        <custom-attributes>
            <custom-attribute attribute-id="body" xml:lang="x-default">&lt;h3&gt;&lt;img alt="" src="images/Accredited-img.png?$staticlink$" title="" /&gt;&lt;/h3&gt;&#13;
&#13;
&lt;h2&gt;Accredited&lt;/h2&gt;&#13;
&#13;
&lt;div class="tranning-center"&gt;&#13;
&lt;span class="bottom-border"&gt;&lt;/span&gt;&#13;
&lt;p&gt;Founded 135 years ago, preparedness training is at&#13;
the core of what we do. All training and certificates&#13;
are OSHA and Government compliant.&lt;/p&gt;&#13;
&lt;/div&gt;</custom-attribute>
            <custom-attribute attribute-id="customCSSFile">css/Arc-ContentAsset.css</custom-attribute>
        </custom-attributes>
    </content>
	<content content-id="nav-instructors">
        <display-name xml:lang="x-default">nav-instructors</display-name>
        <online-flag>true</online-flag>
        <searchable-flag>false</searchable-flag>
        <page-attributes/>
        <custom-attributes>
            <custom-attribute attribute-id="body" xml:lang="x-default">&lt;div class="global-instructors"&gt;&#13;
     &lt;b&gt;Instructors&lt;/b&gt;&#13;
      &lt;ul&gt;&#13;
          &lt;li&gt;&lt;a href="#"&gt;Become a Red Cross Trainer&lt;/a&gt;&lt;/li&gt;&#13;
          &lt;li&gt;&lt;a href="#"&gt;Get Training Supplies&lt;/a&gt;&lt;/li&gt;&#13;
    &lt;/ul&gt;&#13;
&lt;/div&gt;</custom-attribute>
            <custom-attribute attribute-id="customCSSFile">Arc-ContentAsset.css</custom-attribute>
        </custom-attributes>
    </content>

    <content content-id="nav-participants">
        <display-name xml:lang="x-default">nav-participants</display-name>
        <online-flag>true</online-flag>
        <searchable-flag>false</searchable-flag>
        <page-attributes/>
        <custom-attributes>
            <custom-attribute attribute-id="body" xml:lang="x-default">&lt;div class="global-participants"&gt;&#13;
    &lt;b&gt;Participants&lt;/b&gt;&#13;
    &lt;ul&gt;&#13;
        &lt;li&gt;&lt;a href="#"&gt;Get Class Materials&lt;/a&gt;&lt;/li&gt;&#13;
       &lt;li&gt;&lt;a href="#"&gt;Find My Certificate&lt;/a&gt;&lt;/li&gt;&#13;
       &lt;li&gt;&lt;a href="#"&gt;Continuing Education Units&lt;/a&gt;&lt;/li&gt;&#13;
   &lt;/ul&gt;&#13;
&lt;/div&gt;</custom-attribute>
            <custom-attribute attribute-id="customCSSFile">Arc-ContentAsset.css</custom-attribute>
        </custom-attributes>
    </content>
    <content content-id="category-hero-image">
        <display-name xml:lang="x-default">category-hero-image</display-name>
        <description xml:lang="x-default">category-hero-image</description>
        <online-flag>true</online-flag>
        <searchable-flag>true</searchable-flag>
        <page-attributes/>
    </content>

    <content content-id="class-type-classroom">
        <display-name xml:lang="x-default">class-type-classroom</display-name>
        <description xml:lang="x-default">class-type-classroom</description>
        <online-flag>true</online-flag>
        <searchable-flag>true</searchable-flag>
        <page-attributes/>
        <custom-attributes>
            <custom-attribute attribute-id="body" xml:lang="x-default">&lt;h3&gt;&lt;img alt="" src="images/Online-classroom.png?$staticlink$" title="" /&gt;&lt;/h3&gt;&#13;
&#13;
&lt;h2&gt;Classroom&lt;/h2&gt;&#13;
&#13;
&lt;div class="tranning-center"&gt;&lt;span class="bottom-border"&gt;&lt;/span&gt;&#13;
&#13;
&lt;p&gt;Local classes held at convenient locations + times Participate in hands-on training Provides full certification Learn from experiences instructors&lt;/p&gt;&#13;
&lt;/div&gt;</custom-attribute>
            <custom-attribute attribute-id="customCSSFile">css/Arc-ContentAsset.css</custom-attribute>
        </custom-attributes>
    </content>

    <content content-id="class-type-classroomandonline">
        <display-name xml:lang="x-default">class-type-classroomandonline</display-name>
        <description xml:lang="x-default">class-type-classroomandonline</description>
        <online-flag>true</online-flag>
        <searchable-flag>true</searchable-flag>
        <page-attributes/>
        <custom-attributes>
            <custom-attribute attribute-id="body" xml:lang="x-default">&lt;h3&gt;&lt;img alt="" src="images/Online-classroom.png?$staticlink$" title="" /&gt;&lt;/h3&gt;&#13;
&#13;
&lt;h2&gt;Online + Classroom&lt;/h2&gt;&#13;
&#13;
&lt;div class="tranning-center"&gt;&#13;
&lt;span class="bottom-border"&gt;&lt;/span&gt;&#13;
&lt;p&gt;Combines the flexibility of online with hands-on training&#13;
Provides full certification&#13;
Start taking your course immediately&lt;/p&gt;&#13;
&lt;/div&gt;</custom-attribute>
            <custom-attribute attribute-id="customCSSFile">css/Arc-ContentAsset.css</custom-attribute>
        </custom-attributes>
    </content>

    <content content-id="class-type-online">
        <display-name xml:lang="x-default">class Type Online</display-name>
        <online-flag>true</online-flag>
        <searchable-flag>true</searchable-flag>
        <page-attributes/>
        <custom-attributes>
            <custom-attribute attribute-id="body" xml:lang="x-default">&lt;h3&gt;&lt;img alt="" src="images/Online-computer-icon.png?$staticlink$" title="" /&gt;&lt;/h3&gt;&#13;
&#13;
&lt;h2&gt;online&lt;/h2&gt;&#13;
&#13;
&lt;div class="tranning-center"&gt;&#13;
&lt;span class="bottom-border"&gt;&lt;/span&gt;&#13;
&lt;p&gt;Work at your own pace + schedule&#13;
Interactive + customizable courses&#13;
Unlimited course access for two years&#13;
Start taking your course immediately&lt;/p&gt;&#13;
&lt;/div&gt;</custom-attribute>
            <custom-attribute attribute-id="customCSSFile">css/Arc-ContentAsset.css</custom-attribute>
        </custom-attributes>
    </content>

    <content content-id="convenient-train-with-redCross">
        <display-name xml:lang="x-default">Convenient Train With RedCross</display-name>
        <online-flag>true</online-flag>
        <searchable-flag>false</searchable-flag>
        <page-attributes/>
        <custom-attributes>
            <custom-attribute attribute-id="body" xml:lang="x-default">&lt;h3&gt;&lt;img alt="" src="images/Convenient-img.png?$staticlink$" title="" /&gt;&lt;/h3&gt;&#13;
&#13;
&lt;h2&gt;Convenient&lt;/h2&gt;&#13;
&#13;
&lt;div class="tranning-center"&gt;&#13;
&lt;span class="bottom-border"&gt;&lt;/span&gt;&#13;
&lt;p&gt;Programs range from in-person to online training&#13;
and in-between. Learn and get certified when&#13;
it’s convenient to you. &lt;/p&gt;&#13;
&lt;/div&gt;</custom-attribute>
        </custom-attributes>
    </content>

    <content content-id="footer-contact-us-email">
        <display-name xml:lang="x-default">footer-contact-us-email</display-name>
        <description xml:lang="x-default">footer-contact-us-email</description>
        <online-flag>true</online-flag>
        <searchable-flag>false</searchable-flag>
        <page-attributes/>
        <custom-attributes>
            <custom-attribute attribute-id="body" xml:lang="x-default">&lt;!-- for the footer first row --&gt;&#13;
&#13;
&lt;div class="footer-contact-us-email"&gt;&#13;
	&lt;div class="email-sign-up"&gt;&#13;
		&lt;form action="$httpsUrl(ExactTargetEmailSignUp-Footer)$" method="post" id="email-alert-signup"&gt;&#13;
		  &lt;label for="email-alert-address"&gt;&lt;span class="visually-hidden"&gt;Enter Your Email&lt;/span&gt;&lt;/label&gt;&#13;
			&lt;input type="text" id="email-alert-address" class="input-text" placeholder="Enter your email address to sign up for our newsletter" value="" /&gt;&#13;
			&lt;button type="submit" name="home-email" value="Submit" /&gt;&#13;
				&lt;span class=""&gt;&lt;/span&gt;&#13;
			&lt;/button&gt;&#13;
		&lt;/form&gt;&#13;
	&lt;/div&gt;&#13;
	&#13;
	&lt;div class="footer-cus-service"&gt;&#13;
		&lt;a href="" title=""&gt;&#13;
			&lt;span class="contact-email"&gt;&lt;/span&gt;&#13;
			&lt;span class="email-separator"&gt;&lt;/span&gt;&#13;
			&lt;span class="contact-phone"&gt;&lt;/span&gt;&#13;
			Contact customer service&#13;
		&lt;/a&gt;&#13;
	&lt;/div&gt;&#13;
	&#13;
	&lt;div class="help-chat-main"&gt;&#13;
		&lt;div class="footer-needhelp"&gt;&#13;
			&lt;a href="" title=""&gt;Need Help?&lt;/a&gt;&#13;
		&lt;/div&gt;&#13;
		&lt;div class="footer-chat"&gt;&#13;
			&lt;a href="javascript:void(0)" title=""&gt;&#13;
				&lt;img class="online" id="liveagent_button_online1_57355000000CalH" style="display: none; border: 0px none; cursor: pointer" onclick="liveagent.startChat('57355000000CalH')" src="https://ctidev-arcliveagent.cs41.force.com/resource/1494235500000/OnlineLiveAgent" /&gt;&#13;
                &lt;img class="offline" id="liveagent_button_offline1_57355000000CalH" style="display: none; border: 0px none; " /&gt;&#13;
                &#13;
                &lt;script type="text/javascript"&gt;&#13;
        &#13;
        window._laq.push(function() {&#13;
                                                liveagent.showWhenOnline('57355000000CalH', document.getElementById('liveagent_button_online1_57355000000CalH'));&#13;
            liveagent.showWhenOffline('57355000000CalH', document.getElementById('liveagent_button_offline1_57355000000CalH'));&#13;
        });&#13;
    &lt;/script&gt;&#13;
	&#13;
				Live Chat&#13;
			&lt;/a&gt;&#13;
		&lt;/div&gt;&#13;
	&lt;/div&gt;&#13;
&lt;/div&gt;&#13;
&#13;
&lt;style&gt;&#13;
&#13;
	/* ----------------stylings for desktop ------------ */&#13;
	.footer-contact-us-email {float: left; width: 100%;}&#13;
	.footer-contact-us-email .help-chat-main { float: left; box-sizing: border-box; width: 22.3%; padding: 28px 1.5% 26px 2.9%; &#13;
		border-right: 1px solid #4e4e4e;&#13;
	}&#13;
	.footer-contact-us-email .footer-cus-service { width: 27.8%; padding: 25px 2% 25px 3%; border-right: 1px solid #4e4e4e; &#13;
		display: inline-block; box-sizing: border-box; float: right;&#13;
	}&#13;
	.footer-contact-us-email .email-sign-up {width: 49.8%; float: right;}&#13;
	.footer-contact-us-email .footer-needhelp {width: 43%; float: left;}&#13;
	.footer-contact-us-email .footer-chat {width: 57%; float: left;}&#13;
	.footer-contact-us-email .footer-needhelp a { font-family: Roboto; font-size: 16px; line-height: 1.63; letter-spacing: 0.4px; text-align: left; &#13;
		color: #868686; font-weight: 700; &#13;
	}&#13;
	.footer-contact-us-email .footer-chat .live-chat {width: 24px; height: 20px; background: url("ARC-sprite.png?$staticlink$") &#13;
		no-repeat 0 0; 	float: left; margin: 0px 13% 0 0;&#13;
	}&#13;
	.footer-contact-us-email .footer-chat a, .footer-contact-us-email .footer-cus-service a {font-family: Roboto; font-size: 16px; line-height: 1.63; &#13;
		letter-spacing: 0.4px; color: #ffffff; text-align: left;&#13;
	}&#13;
	.footer-contact-us-email .footer-cus-service a {padding: 0 0 0 1px;}&#13;
	.footer-contact-us-email .footer-cus-service .contact-email { width: 25px; height: 21px; background: url("ARC-sprite.png?$staticlink$") &#13;
		no-repeat -165px 0; float: left; margin: 3px 0;&#13;
	}&#13;
	.footer-contact-us-email .footer-cus-service .email-separator {width: 2px; height: 30px; background: #4e4e4e; display: block; float: left; &#13;
		margin: 0 0 0 10px;&#13;
	}&#13;
	.footer-contact-us-email .footer-cus-service .contact-phone { width: 20px; height: 20px; background: url("ARC-sprite.png?$staticlink$") &#13;
		no-repeat -190px 0; float: left; margin: 3px 6% 0 2%;&#13;
	}	&#13;
	.footer-contact-us-email .email-sign-up label {margin: 0;}&#13;
	.footer-contact-us-email .email-sign-up .input-text {margin: 13px 0 0 2%; background: #333333; font-family: Roboto; font-style: italic;&#13;
		font-size: 12px; line-height: 2.17; letter-spacing: 0.2px; color: #ffffff; width: 85%; padding: 0.7em 0.5em 0.7em 30px; float: left; text-align: left;}&#13;
	.footer-contact-us-email .email-sign-up .input-text::-webkit-input-placeholder {color: #ffffff;}&#13;
	.footer-contact-us-email .email-sign-up button {padding: 28px 3.24%; box-sizing: border-box; border: none; float: right; &#13;
		background-color: #ed1329 !important; border-radius: 0;&#13;
	}&#13;
	.footer-contact-us-email .email-sign-up button span {background: url("ARC-sprite.png?$staticlink$") no-repeat -214px 0; width:36px; &#13;
		height: 24px; display: block; &#13;
	}&#13;
	/*-------------break point for the fluid responsive ------------*/&#13;
	@media screen and (max-width: 1220px) {&#13;
		.footer-contact-us-email .email-sign-up {width: 42%;}&#13;
		.footer-contact-us-email .footer-cus-service {width: 33%;}&#13;
		.footer-contact-us-email .help-chat-main {width: 25%;}&#13;
	}&#13;
	&#13;
	/*------ stylings for the tablet -------------*/&#13;
	@media screen and (max-width: 1023px) {&#13;
		.footer-contact-us-email .help-chat-main {display: none;}&#13;
		.footer-contact-us-email .footer-cus-service {width: 50%; padding: 13px 2% 7px 2.5%;}&#13;
		.footer-contact-us-email .email-sign-up {width: 50%;}&#13;
		.footer-contact-us-email .email-sign-up .input-text {margin: 0; width: 85%;}&#13;
		.footer-contact-us-email .email-sign-up button {padding: 13px 1.4%;}&#13;
	}&#13;
	&#13;
	/* ---------stylings for the mobile -----------*/&#13;
	@media screen and (max-width: 767px) {&#13;
		.footer-contact-us-email .email-sign-up {width: 100%; border-bottom: 1px solid #4e4e4e;}&#13;
		.footer-contact-us-email .footer-cus-service {width: 100%; border-right: none; padding: 13px 2% 7px 4.5%;}&#13;
		.footer-contact-us-email .email-sign-up .input-text {padding: 0.7em 0.5em 0.7em 20px;}&#13;
		.footer-contact-us-email .footer-cus-service .contact-phone {margin: 3px 3% 0 2%;}&#13;
	}&#13;
&lt;/style&gt;</custom-attribute>
        </custom-attributes>
    </content>

    <content content-id="footer-copyright-social">
        <display-name xml:lang="x-default">footer-copyright-social</display-name>
        <description xml:lang="x-default">footer-copyright-social</description>
        <online-flag>true</online-flag>
        <searchable-flag>false</searchable-flag>
        <page-attributes/>
        <custom-attributes>
            <custom-attribute attribute-id="body" xml:lang="x-default">&lt;!-- content asset for the footer third row --&gt;&#13;
&#13;
&lt;div class="footer-third-row"&gt;&#13;
	&lt;div class="social-links-main"&gt;&#13;
		&lt;ul&gt;&#13;
			&lt;li&gt;&#13;
				&lt;a class="social-facebook" href="https://www.facebook.com/redcross" title=""&gt;&lt;/a&gt;&#13;
			&lt;/li&gt;&#13;
			&lt;li&gt;&#13;
				&lt;a class="social-instagram" href="https://www.instagram.com/americanredcross/?hl=en"&gt;&lt;/a&gt;&#13;
			&lt;/li&gt;&#13;
			&lt;li&gt;&#13;
				&lt;a class="social-twitter" href="https://twitter.com/redcross"&gt;&lt;/a&gt;&#13;
			&lt;/li&gt;&#13;
			&lt;li&gt;&#13;
				&lt;a class="social-youtube" href="https://www.youtube.com/user/AmRedCross"&gt;&lt;/a&gt;&#13;
			&lt;/li&gt;&#13;
		&lt;/ul&gt;&#13;
	&lt;/div&gt;&#13;
	&#13;
	&lt;div class="privacy-policy-main"&gt;&#13;
		&lt;a href="" title=""&gt;Privacy Policy&lt;/a&gt;&#13;
		&lt;a href="" title=""&gt;Terms + Conditions&lt;/a&gt;&#13;
	&lt;/div&gt;&#13;
	&#13;
	&lt;div class="copyright-main"&gt;&#13;
		&lt;a class="footer-logo-anchor" href="#" title=""&gt;&#13;
			&lt;span class="footer-logo"&gt;&lt;/span&gt;					&#13;
		&lt;/a&gt;&#13;
		&lt;a class="copyright-info-anchor" href="#" title=""&gt;&#13;
			&amp;#169; Copyright 2017 American National Red Cross&#13;
		&lt;/a&gt;&#13;
	&lt;/div&gt;&#13;
&lt;/div&gt;&#13;
&#13;
&#13;
&lt;style&gt;&#13;
&#13;
	/* ---------------- desktop styles ----------   */&#13;
	.footer-third-row {display: table; width: 100%;}&#13;
	&#13;
	/* ------social icons ---- */&#13;
	.social-links-main {width: 35%; float: right;}&#13;
	.social-links-main ul { width: 100%; box-sizing: border-box; margin: 29px 0; text-align: right;}&#13;
	.social-links-main li {list-style-type: none; display: inline-block; margin: 0 4%;}&#13;
	.social-links-main .social-facebook {height: 18px; width: 15px; background: url("ARC-sprite.png?$staticlink$") no-repeat -292px 0; &#13;
		display: block;&#13;
	}&#13;
	.social-links-main .social-instagram {height: 18px; width: 18px; background: url("ARC-sprite.png?$staticlink$") no-repeat -344px 0; &#13;
		display: block;&#13;
	}&#13;
	 .social-links-main .social-twitter {height: 18px; width: 18px; background: url("ARC-sprite.png?$staticlink$") no-repeat -402px 0;&#13;
		display: block;&#13;
	}&#13;
	.social-links-main .social-youtube {height: 18px; width: 22px; background: url("ARC-sprite.png?$staticlink$") no-repeat -458px 0;&#13;
		display: block;&#13;
	}&#13;
	&#13;
	/*------for the copyright -----*/&#13;
	.copyright-main {width: 26%; float: left; margin: 11px 1% 0 3%;}&#13;
	.footer-logo-anchor {float: left; width: auto; padding: 0; margin: 8px 0;}&#13;
	.footer-logo-anchor .footer-logo { background: url("ARC-sprite.png?$staticlink$") no-repeat -252px 0; width: 40px; height: 40px; display: block;}&#13;
	.copyright-info-anchor {margin: 20px 0 0 0; display: inline-block; float: right; width: 80%; text-align: right;}&#13;
	.footer-container .copyright-info-anchor, .privacy-policy-main a {font-family: Muli; font-size: 12px; color: #868686;}&#13;
	&#13;
	/* -----privacy-policy ----*/&#13;
	.privacy-policy-main {width: 30%; display: inline-block; margin: 28px 1% 0 0.9%; padding: 3px 2px;}&#13;
	.privacy-policy-main a {margin: 0 5% 0 2%;}&#13;
	&#13;
	/* ---styles for tablet ---*/&#13;
	@media screen and (max-width: 1023px) {&#13;
		.social-links-main {width: 100%; background-color: #333333; border-bottom: 1px solid #4e4e4e;}&#13;
		.social-links-main ul {margin: 10px 0 15px 0; text-align: center;}&#13;
		.social-links-main ul li {margin: 0 2%;}&#13;
		.privacy-policy-main {width: 100%; margin: 0; padding: 15px 0; text-align: center; background-color: #333333; box-sizing: border-box;}&#13;
		.copyright-main {width: 90%; margin: 13px 1% 8px 3%;}&#13;
		.copyright-info-anchor {margin: 20px 2% 0 5%; float: left; text-align: left;}&#13;
		.privacy-policy-main a {margin: 0 5% 0 0;}&#13;
	}&#13;
	&#13;
	/* ---------stylings for the mobile -----------*/&#13;
	@media screen and (max-width: 767px) {&#13;
		.copyright-info-anchor {margin: 12px 0 0 8%; width: 60%;}&#13;
		.social-links-main ul {margin: 10px 0 25px 0;}&#13;
		.social-links-main ul li {margin: 0 6%;}&#13;
		.privacy-policy-main {padding: 15px 10px;}&#13;
	}&#13;
	&#13;
&lt;/style&gt;</custom-attribute>
        </custom-attributes>
    </content>

   <content content-id="footer-customer-service">
        <display-name xml:lang="x-default">footer-customer-service</display-name>
        <description xml:lang="x-default">footer-customer-service</description>
        <online-flag>true</online-flag>
        <searchable-flag>false</searchable-flag>
        <page-attributes/>
        <custom-attributes>
            <custom-attribute attribute-id="body" xml:lang="x-default">&lt;!-- ----------for the footer second row ---&gt;&#13;
&lt;div class="footer-second-row"&gt;&#13;
	&lt;ul class="footer-shipping-returns"&gt;&#13;
		&lt;li class="shipping-returns"&gt;&#13;
			&lt;a href="" title=""&gt;Shipping + Returns&lt;/a&gt;&#13;
		&lt;/li&gt;&#13;
		&lt;li class="faqs"&gt;&#13;
			&lt;a href="" title=""&gt;FAQs&lt;/a&gt;&#13;
		&lt;/li&gt;&#13;
		&lt;li class="course-cancel"&gt;&#13;
			&lt;a href="" title=""&gt;Course Cancellation Policy&lt;/a&gt;&#13;
		&lt;/li&gt;&#13;
		&lt;li class="certificate"&gt;&#13;
			&lt;a href="" title=""&gt;Certificates&lt;/a&gt;&#13;
		&lt;/li&gt;&#13;
		&lt;li class="online-learning"&gt;&#13;
			&lt;a href="" title=""&gt;Online Learning&lt;/a&gt;&#13;
		&lt;/li&gt;&#13;
		&lt;li class="instructor resource"&gt;&#13;
			&lt;a href="" title=""&gt;Instructor Resources&lt;/a&gt;&#13;
		&lt;/li&gt;&#13;
		&lt;li class="site-map"&gt;&#13;
			&lt;a href="http://www.redcross.org/ux/take-a-class/sitemap" title=""&gt;Site Map&lt;/a&gt;	&#13;
		&lt;/li&gt;&#13;
	&lt;/ul&gt;&#13;
&lt;/div&gt;&#13;
&#13;
&lt;style&gt;&#13;
	/* ---------- desktop stylings ------------*/&#13;
	.footer-second-row {width: 100%; float: left;}&#13;
	.footer-second-row ul {float: left; padding: 0 6% 0 9%; margin: 0; width: 100%; box-sizing: border-box;}&#13;
	.footer-second-row ul li {list-style-type: none; float: left; margin: 0;}&#13;
	.footer-second-row ul li a { font-family: Roboto; font-size: 12px; font-weight: 900; line-height: 2.17; letter-spacing: 0.3px;&#13;
		color: #c1c1c1; text-align: center; margin: 39px 4% 35px 4%; float: left; text-transform: uppercase;&#13;
	}&#13;
	.footer-second-row ul .shipping-returns {width: 14%;}&#13;
	.footer-second-row ul .faqs {width: 5.5%;}&#13;
	.footer-second-row ul .donations {width: 11%;}&#13;
	.footer-second-row ul .locations {width: 20.4%;}&#13;
	.footer-second-row ul .advisory-council {width: 18.7%;}&#13;
	.footer-second-row ul .health-safety {width: 21%;}&#13;
	.footer-second-row ul .site-map {width: 8%;}&#13;
&#13;
	/* ----------------tablet stylings ----------*/&#13;
	@media screen and (max-width: 1023px) {&#13;
		.footer-second-row ul {padding: 0 5% 10px 10%;}&#13;
		.footer-second-row ul .shipping-returns {width: 25%;}&#13;
		.footer-second-row ul .faqs {width: 9%;}&#13;
		.footer-second-row ul .donations {width: 22%;}&#13;
		.footer-second-row ul .locations {width: 36%;}&#13;
		.footer-second-row ul .advisory-council {width: 34%;}&#13;
		.footer-second-row ul .health-safety {width: 37%;}&#13;
		.footer-second-row ul .site-map {width: 12%;}&#13;
		.footer-second-row ul li a {margin: 15px 4% 8px 4%; box-sizing: border-box;}&#13;
	}&#13;
	&#13;
	/* ---------stylings for the mobile -----------*/&#13;
	@media screen and (max-width: 767px) {&#13;
		.footer-second-row ul {padding: 0 5% 10px 5%; text-align: center;}&#13;
		.footer-second-row ul li {width: 100% !important; display: inline-block;}&#13;
		.footer-second-row ul li a {width: 100%; margin: 15px 0 0 0;}&#13;
	}&#13;
	&#13;
&lt;/style&gt;</custom-attribute>
        </custom-attributes>
    </content>

    <content content-id="for-instructors-participants">
        <display-name xml:lang="x-default">for-instructors-participants</display-name>
        <online-flag>true</online-flag>
        <searchable-flag>false</searchable-flag>
        <page-attributes/>
        <custom-attributes>
            <custom-attribute attribute-id="body" xml:lang="x-default">&lt;div class="assetone"&gt;&lt;img alt="" src="images/Left-student.png?$staticlink$" title="" /&gt;&lt;/div&gt;&#13;
&#13;
&lt;div class="assetone tranning-employee col-rit"&gt;&#13;
&lt;div class="tranning-data"&gt;&#13;
&lt;div class="heading-class"&gt;For Instructors&lt;/div&gt;&#13;
&#13;
&lt;p&gt;Lorem ipsum dolor sit amet, consectetur adipisicing elit, sed do eiusmod tempor incididunt ut labore et dolore magna aliqua. Ut enim ad minim veniam, quis nostrud exercitation ullamco laboris nisi ut aliquip ex ea commodo consequat. Duis aute irure dolor in reprehenderit in voluptate velit esse cillum dolore eu fugiat nulla pariatur. Excepteur sint occaecat cupidatat non .&lt;/p&gt;&#13;
&#13;
&lt;div class="learn-more"&gt;&lt;a class="cta-red" href="#"&gt;&lt;span class="learn"&gt;BECOME A RED CROSS TRAINER&lt;/span&gt; &lt;span class="header-geo-arrow"&gt;&lt;/span&gt; &lt;/a&gt; &lt;a class="cta-red" href="#"&gt;&lt;span class="learn"&gt;GET TRAINING SUPPLIES&lt;/span&gt; &lt;span class="header-geo-arrow"&gt;&lt;/span&gt; &lt;/a&gt;&lt;/div&gt;&#13;
&lt;/div&gt;&#13;
&lt;/div&gt;&#13;
&#13;
&lt;div class="assetone tablet-left"&gt;&lt;img alt="" src="images/Right-student.png?$staticlink$" title="" /&gt;&lt;/div&gt;&#13;
&#13;
&lt;div class="assetone tranning-employee col-rit second-col"&gt;&#13;
&lt;div class="tranning-data"&gt;&#13;
&lt;div class="heading-class"&gt;For student&lt;/div&gt;&#13;
&#13;
&lt;p&gt;Lorem ipsum dolor sit amet, consectetur adipisicing elit, sed do eiusmod tempor incididunt ut labore et dolore magna aliqua. Ut enim ad minim veniam, quis nostrud exercitation ullamco laboris nisi ut aliquip ex ea commodo consequat. Duis aute irure dolor in reprehenderit in voluptate velit esse cillum dolore eu fugiat nulla pariatur. Excepteur sint occaecat cupidatat non .&lt;/p&gt;&#13;
&#13;
&lt;div class="learn-more"&gt;&lt;a class="cta-red" href="#"&gt;&lt;span class="learn"&gt;Class Materials&lt;/span&gt; &lt;span class="header-geo-arrow"&gt;&lt;/span&gt; &lt;/a&gt; &lt;a class="cta-red" href="#"&gt;&lt;span class="learn"&gt;Find My Certificate&lt;/span&gt; &lt;span class="header-geo-arrow"&gt;&lt;/span&gt; &lt;/a&gt; &lt;a class="cta-red" href="#"&gt;&lt;span class="learn"&gt;Continuing Education Credits&lt;/span&gt; &lt;span class="header-geo-arrow"&gt;&lt;/span&gt; &lt;/a&gt;&lt;/div&gt;&#13;
&lt;/div&gt;&#13;
&lt;/div&gt;</custom-attribute>
            <custom-attribute attribute-id="customCSSFile">css/Arc-ContentAsset.css</custom-attribute>
        </custom-attributes>
    </content>

    <content content-id="hero-images">
        <display-name xml:lang="x-default">hero-images</display-name>
        <online-flag>true</online-flag>
        <searchable-flag>false</searchable-flag>
        <page-attributes/>
        <custom-attributes>
            <custom-attribute attribute-id="body" xml:lang="x-default">&lt;div class="hero-images-banner desktop-only"&gt;&lt;img alt="" src="images/desktop-img.png?$staticlink$" title="" /&gt;&lt;/div&gt;&#13;
&#13;
&lt;div class="hero-images-banner ipad-only"&gt;&lt;img alt="" src="images/tablet-img.png?$staticlink$" title="" /&gt;&lt;/div&gt;&#13;
&#13;
&lt;div class="hero-images-banner iphone-only"&gt;&lt;img alt="" src="images/mobile-img.png?$staticlink$" title="" /&gt;&lt;/div&gt;</custom-attribute>
            <custom-attribute attribute-id="customCSSFile">css/Arc-ContentAsset.css</custom-attribute>
        </custom-attributes>
    </content>

    <content content-id="how-we-teach">
        <display-name xml:lang="x-default">how-we-teach</display-name>
        <online-flag>true</online-flag>
        <searchable-flag>false</searchable-flag>
        <page-attributes/>
        <custom-attributes>
            <custom-attribute attribute-id="body" xml:lang="x-default">&lt;div class="page-tittle"&gt;How We Teach&lt;/div&gt;</custom-attribute>
            <custom-attribute attribute-id="customCSSFile">css/Arc-ContentAsset.css</custom-attribute>
        </custom-attributes>
    </content>

    <content content-id="htmlheadercss">
        <display-name xml:lang="x-default">htmlheadercss</display-name>
        <online-flag>true</online-flag>
        <searchable-flag>false</searchable-flag>
        <page-attributes/>
        <custom-attributes>
            <custom-attribute attribute-id="body" xml:lang="x-default">&lt;!--// START: Content Asset: htmlheader --&gt;&#13;
&lt;link rel="stylesheet" href="css/Arc-ContentAsset.css?$staticlink$" /&gt;&#13;
&lt;!--// END: Content Asset: htmlheader --&gt;</custom-attribute>
        </custom-attributes>
    </content>

    <content content-id="precise-train-with-redCross">
        <display-name xml:lang="x-default">precise-train-with-redCross</display-name>
        <online-flag>true</online-flag>
        <searchable-flag>false</searchable-flag>
        <page-attributes/>
        <custom-attributes>
            <custom-attribute attribute-id="body" xml:lang="x-default">&lt;h3&gt;&lt;img alt="" src="images/Precise-img.png?$staticlink$" title="" /&gt;&lt;/h3&gt;&#13;
&#13;
&lt;h2&gt;Precise&lt;/h2&gt;&#13;
&#13;
&lt;div class="tranning-center"&gt;&#13;
&lt;span class="bottom-border"&gt;&lt;/span&gt;&#13;
&lt;p&gt;All programs focus on what you need to know&#13;
right away to get you trained and certified as quickly&#13;
as possible.&lt;/p&gt;&#13;
&lt;/div&gt;</custom-attribute>
            <custom-attribute attribute-id="customCSSFile">css/Arc-ContentAsset.css</custom-attribute>
        </custom-attributes>
    </content>

    <content content-id="train-my-employees">
        <display-name xml:lang="x-default">Train My Employees</display-name>
        <online-flag>true</online-flag>
        <searchable-flag>false</searchable-flag>
        <page-attributes/>
        <custom-attributes>
            <custom-attribute attribute-id="body" xml:lang="x-default">&lt;div class="employee-tranning"&gt;&#13;
&lt;div class="heading-class"&gt;Training My Employees&lt;/div&gt;&#13;
&#13;
&lt;p&gt;Lorem ipsum dolor sit amet, consectetur adipisicing elit, sed do eiusmod tempor incididunt ut labore et dolore magna aliqua. Ut enim ad minim veniam, quis nostrud exercitation ullamco laboris nisi ut aliquip ex ea commodo consequat. Duis aute irure dolor in reprehenderit in voluptate velit esse cillum dolore eu fugiat nulla pariatur. &#13;
Excepteur sint occaecat cupidatat non . &lt;/p&gt;&#13;
&#13;
&lt;div class="learn-more"&gt;&#13;
   &lt;a class="cta-red" href="#"&gt;&lt;span class="learn"&gt;Learn More&lt;/span&gt;&#13;
   &lt;span class="header-geo-arrow"&gt;&lt;/span&gt; &lt;/a&gt;&#13;
&lt;/div&gt;&#13;
&lt;/div&gt;</custom-attribute>
            <custom-attribute attribute-id="customCSSFile">css/Arc-ContentAsset.css</custom-attribute>
        </custom-attributes>
    </content>

    <content content-id="training-and-certification-headline">
        <display-name xml:lang="x-default">training-and-certification-headline</display-name>
        <online-flag>true</online-flag>
        <searchable-flag>false</searchable-flag>
        <page-attributes/>
        <custom-attributes>
            <custom-attribute attribute-id="body" xml:lang="x-default">&lt;div class="banner-img"&gt;&#13;
&lt;div class="angled-shape"&gt;&#13;
&lt;div class="angled-img desktop-tablet"&gt;&lt;img alt="" src="images/angled-shape.png?$staticlink$" title="" /&gt;&#13;
&lt;div class="tranning-text"&gt;&lt;span&gt;Training + Certification:&lt;/span&gt;&lt;span&gt; Simple, Fast, And Easy &lt;/span&gt;&lt;/div&gt;&#13;
&lt;/div&gt;&#13;
&#13;
&lt;div class="angled-shape iphone-only"&gt;&lt;img alt="" src="images/shape-mobile.png?$staticlink$" title="" /&gt;&#13;
&lt;div class="tranning-text"&gt;Training + Certification: Simple, Fast, And Easy&lt;/div&gt;&#13;
&lt;/div&gt;&#13;
&lt;/div&gt;&#13;
&lt;/div&gt;</custom-attribute>
            <custom-attribute attribute-id="customCSSFile">css/Arc-ContentAsset.css</custom-attribute>
        </custom-attributes>
    </content>

    <content content-id="why-train-with-redcross">
        <display-name xml:lang="x-default">why-train-with-redcross</display-name>
        <online-flag>true</online-flag>
        <searchable-flag>false</searchable-flag>
        <page-attributes/>
        <custom-attributes>
            <custom-attribute attribute-id="body" xml:lang="x-default">&lt;div class="page-tittle"&gt;Why Train With RedCross?&lt;/div&gt;</custom-attribute>
            <custom-attribute attribute-id="customCSSFile">css/Arc-ContentAsset.css</custom-attribute>
        </custom-attributes>
    </content>
	
	<content content-id="noresults-help-articles">
        <display-name xml:lang="x-default">noresults-help-articles</display-name>
        <description xml:lang="x-default">noresults-help-classes will be used to pull inside no hits articles page</description>
        <online-flag>true</online-flag>
        <searchable-flag>false</searchable-flag>
        <page-attributes/>
        <custom-attributes>
            <custom-attribute attribute-id="body" xml:lang="x-default">noresults-help-articles</custom-attribute>
        </custom-attributes>
    </content>

    <content content-id="noresults-help-classes">
        <display-name xml:lang="x-default">noresults-help-classes</display-name>
        <description xml:lang="x-default">noresults-help-classes will be used to pull inside no hits classes page</description>
        <online-flag>true</online-flag>
        <searchable-flag>true</searchable-flag>
        <page-attributes/>
        <custom-attributes>
            <custom-attribute attribute-id="body" xml:lang="x-default">noresults-help-classes will be used to pull inside no hits classes page</custom-attribute>
        </custom-attributes>
    </content>

    <content content-id="noresults-help-products">
        <display-name xml:lang="x-default">noresults-help-products</display-name>
        <description xml:lang="x-default">This asset will be used to render in no results products page</description>
        <online-flag>true</online-flag>
        <searchable-flag>true</searchable-flag>
        <page-attributes/>
        <custom-attributes>
            <custom-attribute attribute-id="body" xml:lang="x-default">noresults-help-products</custom-attribute>
        </custom-attributes>
    </content>
    
     <content content-id="cat-products-promo-banner">
        <display-name xml:lang="x-default">cat-products-promo-banner</display-name>
        <description xml:lang="x-default">cat-products-promo-banner</description>
        <online-flag>true</online-flag>
        <searchable-flag>true</searchable-flag>
        <page-attributes/>
        <custom-attributes>
            <custom-attribute attribute-id="body" xml:lang="x-default">&lt;h1&gt;campaign or cross sell opportunity&lt;/h1&gt;</custom-attribute>
        </custom-attributes>
    </content>

    <content content-id="cat-products-promo-hero-image">
        <display-name xml:lang="x-default">Category Hero Image</display-name>
        <description xml:lang="x-default">Category Hero Image</description>
        <online-flag>true</online-flag>
        <searchable-flag>true</searchable-flag>
        <page-attributes/>
    </content>

    <content content-id="cat-products-promo-supplies-products">
        <display-name xml:lang="x-default">Supplies &amp; Product Headline</display-name>
        <description xml:lang="x-default">Supplies &amp; Product Headline</description>
        <online-flag>true</online-flag>
        <searchable-flag>true</searchable-flag>
        <page-attributes/>
        <custom-attributes>
            <custom-attribute attribute-id="body" xml:lang="x-default">Supplies &amp; Product Headline</custom-attribute>
        </custom-attributes>
    </content>
    <content content-id="plp-class-setting-classroom">
        <display-name xml:lang="x-default">PLP Class Setting Classroom</display-name>
        <description xml:lang="x-default">Class Setting Classroom tool tip message.</description>
        <online-flag>true</online-flag>
        <searchable-flag>true</searchable-flag>
        <page-attributes/>
        <custom-attributes>
            <custom-attribute attribute-id="body" xml:lang="x-default">&lt;h3&gt;&lt;img alt="" src="images/in-person-icon.png?$staticlink$" title="" /&gt;&lt;/h3&gt;&#13;
&lt;div class="classroom-checkbox"&gt;&#13;
&lt;h2&gt;&lt;span class="refinecheck"&gt;&lt;/span&gt; Classroom&lt;/h2&gt;&#13;
&lt;/div&gt;&#13;
&lt;div class="tranning-center"&gt;&#13;
&lt;p&gt;Local classes held at convenient locations + times Participate in hands-on training Provides full certification Learn from experiences instructors&lt;/p&gt;&#13;
&lt;/div&gt;</custom-attribute>
        </custom-attributes>
        <folder-links>
            <classification-link folder-id="arcassets"/>
            <folder-link folder-id="root"/>
        </folder-links>
    </content>

    <content content-id="plp-class-setting-classroomandonline">
        <display-name xml:lang="x-default">PLP Class Setting Online + Classroom</display-name>
        <description xml:lang="x-default">Class Setting  Online + Classroom tool tip message.</description>
        <online-flag>true</online-flag>
        <searchable-flag>true</searchable-flag>
        <page-attributes/>
        <custom-attributes>
            <custom-attribute attribute-id="body" xml:lang="x-default">&lt;h3&gt;&lt;img alt="" src="images/blended-icon.png?$staticlink$" title="" /&gt;&lt;/h3&gt;&#13;
&lt;div class="classroom-checkbox"&gt;&#13;
&lt;h2&gt;&lt;span class="refinecheck"&gt;&lt;/span&gt; Online + Classroom&lt;/h2&gt;&#13;
&lt;/div&gt;&#13;
&lt;div class="tranning-center"&gt;&#13;
&lt;p&gt;Combines the flexibility of online with hands-on training Provides full certification Start taking your course immediately&lt;/p&gt;&#13;
&lt;/div&gt;</custom-attribute>
        </custom-attributes>
        <folder-links>
            <classification-link folder-id="arcassets"/>
        </folder-links>
    </content>

    <content content-id="plp-class-setting-online">
        <display-name xml:lang="x-default">PLP Class Setting Online</display-name>
        <description xml:lang="x-default">Class Setting Online tool tip message.</description>
        <online-flag>true</online-flag>
        <searchable-flag>true</searchable-flag>
        <page-attributes/>
        <custom-attributes>
            <custom-attribute attribute-id="body" xml:lang="x-default">&lt;h3&gt;&lt;img alt="" src="images/computer-icon.png?$staticlink$" title="" /&gt;&lt;/h3&gt;&#13;
&lt;h2&gt;&lt;span class="refinecheck"&gt;&lt;/span&gt;online&lt;/h2&gt;&#13;
&lt;div class="tranning-center"&gt;&#13;
&lt;p&gt;Work at your own pace + schedule Interactive + customizable courses Unlimited course access for two years Start taking your course immediately&lt;/p&gt;&#13;
&lt;/div&gt;</custom-attribute>
        </custom-attributes>
        <folder-links>
            <classification-link folder-id="arcassets"/>
            <folder-link folder-id="root"/>
        </folder-links>
    </content>

</library>
