<?xml version="1.0" encoding="UTF-8"?>
<metadata xmlns="http://www.demandware.com/xml/impex/metadata/2006-10-31">
   <type-extension type-id="SitePreferences">
        <custom-attribute-definitions>
            <attribute-definition attribute-id="defaultCity">
                <display-name xml:lang="x-default">Default City</display-name>
                <description xml:lang="x-default">Please add the default city to search the stores.</description>
                <type>string</type>
                <mandatory-flag>false</mandatory-flag>
                <externally-managed-flag>false</externally-managed-flag>
                <min-length>0</min-length>
                <default-value>Washington</default-value>
            </attribute-definition>
            <attribute-definition attribute-id="defaultLatitude">
                <display-name xml:lang="x-default">Default Latitude</display-name>
                <description xml:lang="x-default">Please add the default latitude value to search the stores.</description>
                <type>string</type>
                <mandatory-flag>false</mandatory-flag>
                <externally-managed-flag>false</externally-managed-flag>
                <min-length>0</min-length>
                <default-value>38.8964</default-value>
            </attribute-definition>
            <attribute-definition attribute-id="defaultLongitude">
                <display-name xml:lang="x-default">Default Longitude</display-name>
                <description xml:lang="x-default">Please add the default longitude value to search the stores.</description>
                <type>string</type>
                <mandatory-flag>false</mandatory-flag>
                <externally-managed-flag>false</externally-managed-flag>
                <min-length>0</min-length>
                <default-value>-77.044701</default-value>
            </attribute-definition>
            <attribute-definition attribute-id="defaultRadius">
                <display-name xml:lang="x-default">Default Radius</display-name>
                <description xml:lang="x-default">Please add the Default Radius in terms of miles to search classes based on the lat, lng.</description>
                <type>double</type>
                <mandatory-flag>false</mandatory-flag>
                <externally-managed-flag>false</externally-managed-flag>
                <default-value>25.0</default-value>
            </attribute-definition>
            <attribute-definition attribute-id="defaultState">
                <display-name xml:lang="x-default">Default State</display-name>
                <description xml:lang="x-default">Please add the default state to search the stores.</description>
                <type>string</type>
                <mandatory-flag>false</mandatory-flag>
                <externally-managed-flag>false</externally-managed-flag>
                <min-length>0</min-length>
                <default-value>DC</default-value>
            </attribute-definition>
            <attribute-definition attribute-id="defaultZipCode">
                <display-name xml:lang="x-default">Default Zip Code</display-name>
                <description xml:lang="x-default">Please add the default zipCode value to search the stores.</description>
                <type>string</type>
                <mandatory-flag>false</mandatory-flag>
                <externally-managed-flag>false</externally-managed-flag>
                <min-length>0</min-length>
                <default-value>20006</default-value>
            </attribute-definition>
            <attribute-definition attribute-id="geolocationkey">
                <display-name xml:lang="x-default">Geo Location API Key</display-name>
                <type>string</type>
                <mandatory-flag>false</mandatory-flag>
                <externally-managed-flag>false</externally-managed-flag>
                <min-length>0</min-length>
            </attribute-definition>
			<attribute-definition attribute-id="enablehomepage">
                <display-name xml:lang="x-default">Enable Homepage</display-name>
                <description xml:lang="x-default">Enable Homepage</description>
                <type>boolean</type>
                <mandatory-flag>false</mandatory-flag>
                <externally-managed-flag>false</externally-managed-flag>
            </attribute-definition>
            <attribute-definition attribute-id="enableLiveChat">
                <display-name xml:lang="x-default">Enable Live Chat</display-name>
                <description xml:lang="x-default">This field is used to enable/disable Live Chat on storefront</description>
                <type>boolean</type>
                <mandatory-flag>false</mandatory-flag>
                <externally-managed-flag>false</externally-managed-flag>
            </attribute-definition>
            <attribute-definition attribute-id="liveAgentScript">
                <display-name xml:lang="x-default">Live Chat Script</display-name>
                <description xml:lang="x-default">The script of live chat will be included here to pull into storefront</description>
                <type>html</type>
                <mandatory-flag>false</mandatory-flag>
                <externally-managed-flag>false</externally-managed-flag>
            </attribute-definition>
            <attribute-definition attribute-id="classesAvailabilityMsg">
                <display-name xml:lang="x-default">Classes Availability Message</display-name>
                <description xml:lang="x-default">Please provide the threshold values to show the availability messages on storefront.</description>
                <type>string</type>
                <mandatory-flag>false</mandatory-flag>
                <externally-managed-flag>false</externally-managed-flag>
                <min-length>0</min-length>
            </attribute-definition>
            <attribute-definition attribute-id="classesfilterrefinement">
                <display-name xml:lang="x-default">Classes Filter refinement</display-name>
                <description xml:lang="x-default">This preference will be used to group set of refinements under a single filter</description>
                <type>text</type>
                <mandatory-flag>false</mandatory-flag>
                <externally-managed-flag>false</externally-managed-flag>
            </attribute-definition>
           <attribute-definition attribute-id="locationthresholdcount">
                <display-name xml:lang="x-default">Location Refinement Threshold Cunt</display-name>
                <type>double</type>
                <mandatory-flag>false</mandatory-flag>
                <externally-managed-flag>false</externally-managed-flag>
            </attribute-definition>
            <attribute-definition attribute-id="classGroundShipment">
                <display-name xml:lang="x-default">Classes Ground Shipment Shipping Method ID</display-name>
                <description xml:lang="x-default">Please provide the Classes Ground Shipment Shipping Method ID.</description>
                <type>string</type>
                <mandatory-flag>false</mandatory-flag>
                <externally-managed-flag>false</externally-managed-flag>
                <min-length>0</min-length>
            </attribute-definition>       
            <attribute-definition attribute-id="selectradius">
                <display-name xml:lang="x-default">Radius Selection</display-name>
                <type>set-of-string</type>
                <mandatory-flag>false</mandatory-flag>
                <externally-managed-flag>false</externally-managed-flag>
            </attribute-definition>
            <attribute-definition attribute-id="classesCancellationRules">
                <display-name xml:lang="x-default">Classes Cancellation Rules</display-name>
                <description xml:lang="x-default">This preference will be used for classes cancellation policy rules (class type: Classroom, Online + Classroom).</description>
                <type>text</type>
                <mandatory-flag>false</mandatory-flag>
                <externally-managed-flag>false</externally-managed-flag>
            </attribute-definition>
        </custom-attribute-definitions>
        <group-definitions>
		  <attribute-group group-id="Live Agent configs">
                <display-name xml:lang="x-default">Live Agent Chat Configurations</display-name>
                <attribute attribute-id="enableLiveChat"/>
                <attribute attribute-id="liveAgentScript"/>
            </attribute-group>
            <attribute-group group-id="Storefront Configs">
                <display-name xml:lang="x-default">Storefront Configurations</display-name>
				<attribute attribute-id="enablehomepage"/>
				<attribute attribute-id="classesAvailabilityMsg"/>
				<attribute attribute-id="classesfilterrefinement"/>
				<attribute attribute-id="locationthresholdcount"/>
				<attribute attribute-id="classGroundShipment"/>
				<attribute attribute-id="classesCancellationRules"/>				
            </attribute-group>
            <attribute-group group-id="geoLocationSettings">
                <display-name xml:lang="x-default">Geo Location Settings</display-name>
                <attribute attribute-id="defaultRadius"/>
                <attribute attribute-id="geolocationkey"/>
                <attribute attribute-id="defaultCity"/>
                <attribute attribute-id="defaultState"/>
                <attribute attribute-id="defaultLatitude"/>
                <attribute attribute-id="defaultLongitude"/>
                <attribute attribute-id="defaultZipCode"/>
                <attribute attribute-id="selectradius"/>
            </attribute-group>
        </group-definitions>
    </type-extension>
   <type-extension type-id="Category">
    <custom-attribute-definitions>
        <attribute-definition attribute-id="typeOfcategory">
             <display-name xml:lang="x-default">Category Type</display-name>
             <description xml:lang="x-default">Category Type</description>
             <type>enum-of-string</type>
             <localizable-flag>false</localizable-flag>
             <mandatory-flag>false</mandatory-flag>
             <externally-managed-flag>false</externally-managed-flag>
             <value-definitions>
                 <value-definition>
                 <value>class</value>
                 </value-definition>
                 <value-definition>
                     <value>product</value>
                 </value-definition>
             </value-definitions>
         </attribute-definition>
      </custom-attribute-definitions>
        <group-definitions>
            <attribute-group group-id="customAttributes">
                <display-name xml:lang="x-default">Custom</display-name>   
                  <attribute attribute-id="typeOfcategory"/>
            </attribute-group>
        </group-definitions>
    </type-extension>
   <type-extension type-id="SlotConfiguration">
        <system-attribute-definitions>
            <attribute-definition attribute-id="ID">
                <min-length>0</min-length>
            </attribute-definition>
            <attribute-definition attribute-id="UUID">
                <min-length>0</min-length>
                <field-length>28</field-length>
            </attribute-definition>
            <attribute-definition attribute-id="body"/>
            <attribute-definition attribute-id="callout"/>
            <attribute-definition attribute-id="creationDate"/>
            <attribute-definition attribute-id="lastModified"/>
            <attribute-definition attribute-id="rank">
                <value-definitions>
                    <value-definition>
                        <value>10</value>
                    </value-definition>
                    <value-definition>
                        <value>20</value>
                    </value-definition>
                    <value-definition>
                        <value>30</value>
                    </value-definition>
                    <value-definition>
                        <value>40</value>
                    </value-definition>
                    <value-definition default="true">
                        <value>50</value>
                    </value-definition>
                    <value-definition>
                        <value>60</value>
                    </value-definition>
                    <value-definition>
                        <value>70</value>
                    </value-definition>
                    <value-definition>
                        <value>80</value>
                    </value-definition>
                    <value-definition>
                        <value>90</value>
                    </value-definition>
                    <value-definition>
                        <value>100</value>
                    </value-definition>
                </value-definitions>
            </attribute-definition>
        </system-attribute-definitions>
        <custom-attribute-definitions>
            <attribute-definition attribute-id="slotCategoryID">
                <display-name xml:lang="x-default">SlotCategoryID</display-name>
                <description xml:lang="x-default">SotCategoryID</description>
                <type>string</type>
                <localizable-flag>false</localizable-flag>
                <mandatory-flag>false</mandatory-flag>
                <externally-managed-flag>false</externally-managed-flag>
                <min-length>0</min-length>
            </attribute-definition>
        </custom-attribute-definitions>
        <group-definitions>
            <attribute-group group-id="custom">
                <display-name xml:lang="x-default">Custom Attributes</display-name>
                <attribute attribute-id="slotCategoryID"/>
            </attribute-group>
        </group-definitions>
    </type-extension>
   <type-extension type-id="Content">
   <custom-attribute-definitions>
		<attribute-definition attribute-id="IsArticle">
                <display-name xml:lang="x-default">IsArticle</display-name>
                <type>enum-of-string</type>
                <localizable-flag>false</localizable-flag>
                <site-specific-flag>false</site-specific-flag>
                <mandatory-flag>false</mandatory-flag>
                <externally-managed-flag>false</externally-managed-flag>
                <value-definitions>
                    <value-definition>
                        <display xml:lang="x-default">Yes</display>
                        <value>1</value>
                    </value-definition>
                    <value-definition>
                        <display xml:lang="x-default">No</display>
                        <value>0</value>
                    </value-definition>
                </value-definitions>
        </attribute-definition>
            
       </custom-attribute-definitions>
       <group-definitions>
       	<attribute-group group-id="Content">
       		<display-name xml:lang="x-default">Content</display-name>
            <attribute attribute-id="body"/>
            <attribute attribute-id="Year"/>
			<attribute attribute-id="IsArticle"/>
       	</attribute-group>
       </group-definitions>
   </type-extension>
	<type-extension type-id="Folder">
        <custom-attribute-definitions>
            <attribute-definition attribute-id="customCSSFile">
                <display-name xml:lang="x-default">Custom CSS File</display-name>
                <description xml:lang="x-default">Use this attribute to apply custom styles for this category.</description>
                <type>image</type>
                <localizable-flag>false</localizable-flag>
                <mandatory-flag>false</mandatory-flag>
                <externally-managed-flag>false</externally-managed-flag>
            </attribute-definition>
            <attribute-definition attribute-id="customName">
                <display-name xml:lang="x-default">Custom Name</display-name>
                <type>string</type>
                <localizable-flag>false</localizable-flag>
                <mandatory-flag>false</mandatory-flag>
                <externally-managed-flag>false</externally-managed-flag>
                <min-length>0</min-length>
            </attribute-definition>
            <attribute-definition attribute-id="folderImage">
                <display-name xml:lang="x-default">Image Link</display-name>
                <type>image</type>
                <localizable-flag>false</localizable-flag>
                <mandatory-flag>false</mandatory-flag>
                <externally-managed-flag>false</externally-managed-flag>
            </attribute-definition>
            <attribute-definition attribute-id="shortDescription">
                <display-name xml:lang="x-default">FolderShortDescription</display-name>
                <type>html</type>
                <localizable-flag>false</localizable-flag>
                <mandatory-flag>false</mandatory-flag>
                <externally-managed-flag>false</externally-managed-flag>
            </attribute-definition>
        </custom-attribute-definitions>
        <group-definitions>
            <attribute-group group-id="custom">
                <display-name xml:lang="x-default">Custom</display-name>
                <attribute attribute-id="customName"/>
                <attribute attribute-id="shortDescription"/>
                <attribute attribute-id="folderImage"/>
            </attribute-group>
        </group-definitions>
    </type-extension>


</metadata>
