<?xml version="1.0" encoding="UTF-8"?>
<slot-configurations xmlns="http://www.demandware.com/xml/impex/slot/2008-09-08">
    <slot-configuration slot-id="convenient-train-with-redCross-slot" context="global" configuration-id="ConvenientTrainWithRedCross" assigned-to-site="true">
        <template>slots/content/homepage/home-bottom-center.isml</template>
        <enabled-flag>true</enabled-flag>
        <content>
            <content-assets>
                <content-asset content-id="convenient-train-with-redCross"/>
            </content-assets>
        </content>
    </slot-configuration>
	<slot-configuration slot-id="header-banner" context="global" configuration-id="header-banner" assigned-to-site="true">
        <description>promotion banner</description>
        <template>slots/html/htmlslotcontainer.isml</template>
        <enabled-flag>true</enabled-flag>
        <content>
            <html>
                <body xml:lang="x-default">&lt;div class="global-header-promotion"&gt;
    &lt;span&gt;lorem ipsum dolor and other greek stuff&lt;/span&gt;
&lt;/div&gt;

&lt;style type="text/css"&gt;
	.global-header-promotion {
		display: inline-block;
		font-family: 'Roboto', sans-serif;
		color: #ffffff;
		text-align: left;
		padding: 21px 0;
		box-sizing: border-box;
		float: left;
	}
    .global-header-promotion span {
	letter-spacing: 0.3px;
	font-size: 13px;
	text-transform: capitalize;
    }
@media screen and (max-width: 1023px) {
    .global-header-promotion {
         padding: 21px 2.5%;
    }
}
@media screen and (max-width: 767px) {
    .global-header-promotion {
        width: calc(100% - 30px);
	text-align: center;
	padding: 10px 2.5%;
   }
}

&lt;/style&gt;</body>
            </html>
        </content>
        <customer-groups>
            <customer-group group-id="Everyone"/>
        </customer-groups>
    </slot-configuration>
	<slot-configuration slot-id="home-classes" context="global" configuration-id="home-classess" default="true" assigned-to-site="true">
        <template>slots/html/htmlslotcontainer.isml</template>
        <enabled-flag>true</enabled-flag>
        <callout-msg xml:lang="x-default">&lt;p&gt;&lt;img alt="" src="images/slot/vector-smart-object.png?$staticlink$" title="" /&gt;Banner for home classes&lt;/p&gt;</callout-msg>
        <content>
            <html>
                <body xml:lang="x-default">&lt;div class="global-nav-img"&gt;
&lt;p&gt;&lt;img alt="" src="images/slot/vector-smart-object.png?$staticlink$" title="" /&gt;&lt;/p&gt;
&lt;/div&gt;

&lt;style type="text/css"&gt;
.global-nav-img {
    width: auto;
    float: right;
}
.global-nav-img p {
    margin: 0;
    float: left;
}
.global-nav-img p img {
    float: left;
}
@media screen and (max-width: 1023px) {
    .global-nav-img {
         display: none;
    }
}

&lt;/style&gt;</body>
            </html>
        </content>
    </slot-configuration>
	
	<slot-configuration slot-id="nav-train-my-employees" context="global" configuration-id="nav-train-my-employees" default="true" assigned-to-site="true">
        <template>slots/html/htmlslotcontainer.isml</template>
        <enabled-flag>true</enabled-flag>
        <content>
            <html>
                <body xml:lang="x-default">&lt;div class="nav-train-employees"&gt;
    &lt;a&gt;Train My Employees&lt;/a&gt;
&lt;/div&gt;
&lt;style type="text/css"&gt;
.nav-train-employees {
     float: left;
     margin: 0 0 10px 0;
     padding: 0 0 10px 0;
     border-bottom: 1px solid #919191;
     width: 100%;
}
.nav-train-employees a {
    font-family: "Roboto", sans-serif;
    font-size: 14px;
    font-weight: 900;
    line-height: 2.86;
    text-align: left;
    color: #333333;
    text-transform: uppercase;
}
@media screen and ( max-width: 1023px ) {
.nav-train-employees {
   display: block;
   padding: 0 8%;
   box-sizing: border-box;
}
.nav-train-employees a {
    font-size: 12px;
}
}
&lt;/style&gt;</body>
            </html>
        </content>
    </slot-configuration>
	
    <slot-configuration slot-id="class-type-classroom" context="global" configuration-id="New Slot Configuration - 2017-04-24 14:59:47" assigned-to-site="false">
        <template>slots/product/product_1x2.isml</template>
        <enabled-flag>false</enabled-flag>
        <content>
            <products/>
        </content>
    </slot-configuration>

    <slot-configuration slot-id="addecrited-train-with-redCross-slot" context="global" configuration-id="addecritedTrainWithRedCross" assigned-to-site="true">
        <template>slots/content/homepage/home-bottom-center.isml</template>
        <enabled-flag>true</enabled-flag>
        <content>
            <content-assets>
                <content-asset content-id="addecrited-train-with-redCross"/>
            </content-assets>
        </content>
    </slot-configuration>

    <slot-configuration slot-id="category-hero-slot" context="global" configuration-id="category-hero" default="true" assigned-to-site="true">
        <template>slots/content/homepage/homeSearchMenu.isml</template>
        <enabled-flag>true</enabled-flag>
        <content>
            <content-assets>
                <content-asset content-id="category-hero-image"/>
                <content-asset content-id="training-and-certification-headline"/>
            </content-assets>
        </content>
    </slot-configuration>

    <slot-configuration slot-id="class-type-classroomandonline" context="global" configuration-id="classTtypeClassroomandonline'" default="true" assigned-to-site="true">
        <template>slots/content/homepage/home-bottom-center.isml</template>
        <enabled-flag>true</enabled-flag>
        <content>
            <content-assets>
                <content-asset content-id="class-type-classroomandonline"/>
            </content-assets>
        </content>
    </slot-configuration>

    <slot-configuration slot-id="class-type-classroom" context="global" configuration-id="classTypeClassroom" default="true" assigned-to-site="true">
        <template>slots/content/homepage/home-bottom-center.isml</template>
        <enabled-flag>true</enabled-flag>
        <content>
            <content-assets>
                <content-asset content-id="class-type-classroom"/>
            </content-assets>
        </content>
    </slot-configuration>

    <slot-configuration slot-id="class-type-online" context="global" configuration-id="classTypeOnline" default="true" assigned-to-site="true">
        <template>slots/content/homepage/home-bottom-center.isml</template>
        <enabled-flag>true</enabled-flag>
        <content>
            <content-assets>
                <content-asset content-id="class-type-online"/>
            </content-assets>
        </content>
    </slot-configuration>

    <slot-configuration slot-id="for-instructors" context="global" configuration-id="forInstructors" assigned-to-site="true">
        <template>slots/content/homepage/home-bottom-center.isml</template>
        <enabled-flag>true</enabled-flag>
        <content>
            <content-assets>
                <content-asset content-id="for-instructors-participants"/>
            </content-assets>
        </content>
    </slot-configuration>

    <slot-configuration slot-id="how-we-teach-slot" context="global" configuration-id="howWeTeach" default="true" assigned-to-site="true">
        <template>slots/content/homepage/home-bottom-center.isml</template>
        <enabled-flag>true</enabled-flag>
        <callout-msg xml:lang="x-default">@@</callout-msg>
        <content>
            <content-assets>
                <content-asset content-id="how-we-teach"/>
            </content-assets>
        </content>
    </slot-configuration>

    <slot-configuration slot-id="precise-train-with-redCross-slot" context="global" configuration-id="preciseTrainWithRedCross" default="true" assigned-to-site="true">
        <template>slots/content/homepage/home-bottom-center.isml</template>
        <enabled-flag>true</enabled-flag>
        <content>
            <content-assets>
                <content-asset content-id="precise-train-with-redCross"/>
            </content-assets>
        </content>
    </slot-configuration>

    <slot-configuration slot-id="why-train-slot" context="global" configuration-id="whyWeTrain" assigned-to-site="true">
        <template>slots/content/homepage/home-bottom-center.isml</template>
        <enabled-flag>true</enabled-flag>
        <content>
            <content-assets>
                <content-asset content-id="why-train-with-redcross"/>
            </content-assets>
        </content>
    </slot-configuration>
	<slot-configuration slot-id="nav-train-my-employees" context="global" configuration-id="nav-train-my-employees" assigned-to-site="true">
        <template>slots/html/htmlslotcontainer.isml</template>
        <enabled-flag>true</enabled-flag>
        <content>
            <html>
                <body xml:lang="x-default">&lt;a&gt;Train My Employees&lt;/a&gt;</body>
            </html>
        </content>
    </slot-configuration>
    <slot-configuration slot-id="cat-products-feature-1" context="category" context-id="supplies-products" configuration-id="cat-products-feature-1" default="true" assigned-to-site="true">
        <description>cat-products-feature-1</description>
        <template>slots/product/product_1x4.isml</template>
        <enabled-flag>true</enabled-flag>
        <callout-msg xml:lang="x-default">Most Popular</callout-msg>
        <content>
            <products>
                <product product-id="ARC001"/>
                <product product-id="ARC002"/>
                <product product-id="4664466"/>
                <product product-id="4662406"/>
            </products>
        </content>
        <custom-attributes>
            <custom-attribute attribute-id="slotCategoryID">apparel-accessories</custom-attribute>
        </custom-attributes>
        <customer-groups>
            <customer-group group-id="Everyone"/>
        </customer-groups>
    </slot-configuration>

    <slot-configuration slot-id="cat-products-feature-2" context="category" context-id="supplies-products" configuration-id="cat-products-feature-2" default="true" assigned-to-site="true">
        <description>cat-products-feature-2</description>
        <template>slots/product/product_1x4.isml</template>
        <enabled-flag>true</enabled-flag>
        <callout-msg xml:lang="x-default">Most Popular</callout-msg>
        <content>
            <products>
                <product product-id="ARC001"/>
                <product product-id="ARC002"/>
                <product product-id="4662406"/>
                <product product-id="04664471"/>
            </products>
        </content>
        <custom-attributes>
            <custom-attribute attribute-id="slotCategoryID">books-dvds</custom-attribute>
        </custom-attributes>
        <customer-groups>
            <customer-group group-id="Everyone"/>
        </customer-groups>
    </slot-configuration>

    <slot-configuration slot-id="cat-products-feature-3" context="category" context-id="supplies-products" configuration-id="cat-products-feature-3" default="true" assigned-to-site="true">
        <description>cat-products-feature-3</description>
        <template>slots/product/product_1x4.isml</template>
        <enabled-flag>true</enabled-flag>
        <callout-msg xml:lang="x-default">Most Popular</callout-msg>
        <content>
            <products>
                <product product-id="ARC001"/>
                <product product-id="ARC002"/>
                <product product-id="04664466"/>
                <product product-id="4662406"/>
            </products>
        </content>
        <custom-attributes>
            <custom-attribute attribute-id="slotCategoryID">emergency-preparedness</custom-attribute>
        </custom-attributes>
        <customer-groups>
            <customer-group group-id="Everyone"/>
        </customer-groups>
    </slot-configuration>

    <slot-configuration slot-id="cat-products-promo-1" context="category" context-id="supplies-products" configuration-id="cat-products-promo-1" default="true" assigned-to-site="true">
        <description>cat-products-promo-1</description>
        <template>slots/content/menu-slot.isml</template>
        <enabled-flag>true</enabled-flag>
        <content>
            <content-assets>
                <content-asset content-id="cat-products-promo-hero-image"/>
                <content-asset content-id="cat-products-promo-supplies-products"/>
            </content-assets>
        </content>
        <customer-groups>
            <customer-group group-id="Everyone"/>
        </customer-groups>
    </slot-configuration>

    <slot-configuration slot-id="cat-products-promo-2" context="category" context-id="supplies-products" configuration-id="cat-products-promo-II" default="true" assigned-to-site="true">
        <description>second level Categories</description>
        <template>slots/category/category-tile.isml</template>
        <enabled-flag>true</enabled-flag>
        <callout-msg xml:lang="x-default">Shop The Red Cross Store</callout-msg>
        <content>
            <categories>
                <category category-id="apparel-accessories"/>
                <category category-id="books-dvds"/>
                <category category-id="emergency-preparedness"/>
                <category category-id="first-aid-supplies"/>
                <category category-id="lifeguarding"/>
                <category category-id="training-supplies"/>
            </categories>
        </content>
        <customer-groups>
            <customer-group group-id="Everyone"/>
        </customer-groups>
    </slot-configuration>

    <slot-configuration slot-id="cat-products-promo-banner" context="category" context-id="supplies-products" configuration-id="cat-products-promo-banner" default="true" assigned-to-site="true">
        <description>cat-products-promo-banner</description>
        <template>slots/content/menu-slot.isml</template>
        <enabled-flag>true</enabled-flag>
        <content>
            <content-assets>
                <content-asset content-id="cat-products-promo-banner"/>
            </content-assets>
        </content>
        <customer-groups>
            <customer-group group-id="Everyone"/>
        </customer-groups>
    </slot-configuration>
    
</slot-configurations>
